"Avocados�Average retail price per pound and per cup equivalent, 2016",,,,,,
Form,Average retail price ,,Preparation,Size of a ,,Average price
,,,yield factor,cup equivalent ,,per cup equivalent
Fresh1,$2.23, per pound,0.741,0.320,pounds,$0.96
"1It is assumed that avocados are consumed raw. According to the USDA Food and Nutrient Database for Dietary Studies (FNDDS), inedible skin and seed account for about 26 percent of the weight of a raw avocado, implying a preparation yield of about 74 percent.",,,,,,
,,,,,,
"Source: Calculated by USDA, Economic Research Service, from 2016 IRI Infoscan data; the USDA Food and Nutrient Database for Dietary Studies (FNDDS), 5.0; and the Food Patterns Equivalents Database (FPED) 2013-14 as well as the FPED's accompanying Methodology and User Guide. ",,,,,,
