"Collard greens�Average retail price per pound and per cup equivalent, 2016",,,,,,
Form,Average retail price ,,Preparation,Size of a ,,Average price
,,,yield factor,cup equivalent ,,per cup equivalent
Fresh1,$2.63, per pound,1.16,0.287,pounds,$0.65
Canned2,$0.85, per pound,0.65,0.364,pounds,$0.48
Frozen3,$1.59, per pound,0.882,0.364,pounds,$0.66
"1Includes packaged, fresh-cut (e.g., cut or chopped) collard greens. It is assumed that fresh collard greens are cooked prior to consumption. Agriculture Handbook No. 102 reports a 116 percent preparation yield from boiling or steaming trimmed collard greens, a 16 percent gain.",,,,,,
,,,,,,
"2The liquid contents of the can are discarded prior to consumption. Based on the Food Patterns Equivalents Database (FPED), ERS assumes that 65 percent of the can's gross weight is solid and 35 percent is liquid medium. The FPED cup equivalent weight for canned collard greens is the weight of the solids and not of the liquid medium in which the vegetable is packed. The preparation yield factor for canned collard greens in the above table does not account for any further preparation that occurs prior to consumption.",,,,,,
,,,,,,
"3It is assumed that frozen collard greens are cooked prior to consumption. The USDA Food and Nutrient Database for Dietary Studies (FNDDS) reports that cooking a ten-ounce package of frozen collards yields 250 grams of cooked vegetable, indicating a preparation yield of about 88.2 percent.",,,,,,
,,,,,,
"Source: Calculated by USDA, Economic Research Service, from 2016 IRI Infoscan data; the USDA Food and Nutrient Database for Dietary Studies (FNDDS), 5.0; Agriculture Handbook No. 102, Food Yields Summarized by Different Stages of Preparation, 1975 (AH102); and the Food Patterns Equivalents Database (FPED) 2013-14 as well as the FPED's accompanying Methodology and User Guide.",,,,,,
