"Okra�Average retail price per pound and per cup equivalent, 2016",,,,,,
Form,Average retail price ,,Preparation,Size of a ,,Average price
,,,yield factor,cup equivalent ,,per cup equivalent
Fresh1,$3.82, per pound,0.769,$0.35,pounds,$1.75
Frozen2,$1.57, per pound,0.899,$0.37,pounds,$0.65
"1Includes regular, green okra. The USDA National Nutrient Database for Standard Reference (SR) reports that 14 percent of the weight of raw okra is inedible including crown and tips. It also reports that the edible share of eight three-inch long okra pods weighs 95 grams when raw and 85 grams when cooked, suggesting an overall preparation yield of 76.9 percent (i.e., 0.86(85/95)=0.769).",,,,,,
,,,,,,
"2The USDA Food and Nutrient Database for Dietary Studies (FNDDS) reports that cooking ten ounces of frozen okra yields 255 grams of cooked vegetable, indicating a preparation yield of about 89.9 percent.",,,,,,
,,,,,,
"Source: Calculated by USDA, Economic Research Service, from 2016 IRI Infoscan data; the USDA Food and Nutrient Database for Dietary Studies (FNDDS), 5.0; the USDA National Nutrient Database for Standard Reference (SR), Release 26; and the Food Patterns Equivalents Database (FPED) 2013-14 as well as the accompanying Methodology and User Guide.",,,,,,
