"Radish�Average retail price per pound and per cup equivalent, 2016",,,,,,
Form,Average retail price ,,Preparation,Size of a ,,Average price
,,,yield factor,cup equivalent ,,per cup equivalent
Fresh1,$1.46, per pound,0.9,0.276,pounds,$0.45
"1Includes red radish. It is assumed that the radishes are eaten raw. The USDA National Nutrient Database for Standard Reference (SR) reports that inedible stem ends, rootlets, and trimmings account for 10 percent of the vegetable's weight, indicating a preparation yield of 90 percent.",,,,,,
,,,,,,
"Source: Calculated by USDA, Economic Research Service, from 2016 IRI Infoscan data; the USDA National Nutrient Database for Standard Reference (SR), Release 26; and the Food Patterns Equivalents Database (FPED) 2013-14 as well as the FPED's accompanying Methodology and User Guide. ",,,,,,
