"Apples�Average retail price per pound or pint and per cup equivalent, 2016",,,,,,
Form,Average retail price ,,Preparation,Size of a ,,Average price
,,,yield factor,cup equivalent ,,per cup equivalent
Fresh1,$1.62, per pound,0.9,0.243,pounds,$0.44
Applesauce2,$1.05, per pound,1,0.540,pounds,$0.57
Juice,,,,,,
Ready to drink3,$0.63, per pint,1,8,fl oz,$0.32
Frozen4,$0.51, per pint,1,8,fl oz,$0.26
"1The USDA National Nutrient Database for Standard Reference (SR) reports that the inedible stem and core of a raw apple account for 10 percent of the fruit's weight, implying a preparation yield of 90 percent, when apples are eaten raw including the peel.",,,,,,
,,,,,,
"2Excludes applesauce packed in individual containers that are 4 ounces in size or smaller. Includes flavors like ""original,"" ""cinnamon,"" ""plain,"" ""unsweetened,"" ""old fashioned,"" ""homestyle,"" ""sweetened,"" and ""brown sugar cinnamon."" Excludes certain other flavors like ""strawberry,"" ""honey cinnamon,"" ""peach,"" and ""maple."" ",,,,,,
,,,,,,
3Includes refrigerated and unrefrigerated juice. ,,,,,,
,,,,,,
4Includes juice sold as frozen concentrate. The consumer reconstitutes this juice after purchase by adding three containers of water per container of concentrate. Retail price is dollars per pint after reconstitution.,,,,,,
,,,,,,
"Source: Calculated by USDA, Economic Research Service, from 2016 IRI Infoscan data; the USDA National Nutrient Database for Standard Reference (SR), Release 26; and the Food Patterns Equivalents Database (FPED) 2013-14 as well as the FPED's accompanying Methodology and User Guide.",,,,,,
,,,,,,
,,,,,,
,,,,, ,
