"Dates�Average retail price per pound and per cup equivalent, 2016",,,,,,,,
Form,Average retail price ,,Preparation,Size of a ,,Average price,,
,,,yield factor,cup equivalent ,,per cup equivalent,,
Dried1 ,$5.51, per pound,1,0.165,pounds,$0.91,,
1Includes dried dates and dried date pieces.  ,,,,,,,,
,,,,,,,,
"Source: Calculated by USDA, Economic Research Service, from 2016 IRI Infoscan data and the Food Patterns Equivalents Database (FPED) 2013-14 as well as the FPED's accompanying Methodology and User Guide. ",,,,,,,,
