"Strawberries�Average retail price per pound and per cup equivalent, 2016",,,,,,
Form,Average retail price ,,Preparation,Size of a ,,Average price
,,,yield factor,cup equivalent ,,per cup equivalent
Fresh1,$2.51, per pound,0.94,0.320,pounds,$0.85
Frozen2,$2.61, per pound,1,0.331,pounds,$0.86
"1Includes regular strawberries. Excludes jumbo and long-stemmed varities. The USDA National Nutrient Database for Standard Reference (SR) reports that inedible caps and stems account for 6 percent of the retail weight, implying a preparation yield of 94 percent, when strawberries are eaten raw.",,,,,,
,,,,,,
2Excludes strawberries with added sugar or other sweeteners. Includes unsweetened strawberries. Consumers are assumed to eat the berries in frozen form without further preparation.,,,,,,
,,,,,,
"Source: Calculated by USDA, Economic Research Service, from 2016 IRI Infoscan data; the USDA National Nutrient Database for Standard Reference (SR), Release 26; and the Food Patterns Equivalents Database (FPED) 2013-14 as well as the FPED's accompanying Methodology and User Guide. ",,,,,,
