"Tangerines�Average retail price per pound and per cup equivalent, 2016",,,,,,
Form,Average retail price ,,Preparation,Size of a ,,Average price
,,,yield factor,cup equivalent ,,per cup equivalent
Fresh1,$1.48,per pound,0.74,0.408,pounds,$0.82
"1Includes clementines, satsumas, and mandarins, among other tangerine varieties. The USDA National Nutrient Database for Standard Reference (SR) reports that inedible peel and seeds account for 26 percent of the retail weight, implying a preparation yield of 74 percent, when the fruit is eaten raw. ERS is applying this yield to seedless tangerine varieties together with varieties with seeds. ",,,,,,
,,,,,,
"Source: Calculated by USDA, Economic Research Service, from 2016 IRI Infoscan data; the USDA National Nutrient Database for Standard Reference (SR), Release 26; and the Food Patterns Equivalents Database (FPED) 2013-14 as well as the FPED's accompanying Methodology and User Guide. ",,,,,,
,,,,,,
,,,,,,
,,,,,,
,,,,,,
,,,, ,,
